
[
    {
        "id": 1,
        "name": "张XX",
        "price": "一线调查员"        
    },
    {
        "id": 2,
        "name": "李XX",
        "price": "系统调查员"        
    },
    {
        "id": 3,
        "name": "吴XX",
        "price": "一线调查员"        
    },
    {
        "id": 4,
        "name": "周XX",
        "price": "一线调查员"        
    },
    {
        "id": 5,
        "name": "王XX",
        "price": "系统调查员"        
    },
    {
        "id": 6,
        "name": "孙XX",
        "price": "一线调查员"        
    }
    
    
]
