
[
    {
        "id": 1,
        "name": "关于疟疾疾病调查0314",
        "price": "疟疾疾病调查相关内容"        
    },
    {
        "id": 2,
        "name": "关于寄生虫疾病调查0314",
        "price": "寄生虫疾病调查相关内容"
        
    },
    {
        "id": 3,
        "name": "关于A类疾病调查0314",
        "price": "A类疾病调查相关内容"
        
    },
    {
        "id": 4,
        "name": "关于B类疾病调查0314",
        "price": "B类疾病调查相关内容"
        
    },
    {
        "id": 5,
        "name": "关于其他疾病调查0314",
        "price": "其他疾病调查相关内容"
        
    }
    
]
