
[
    {
        "id": 1,
        "name": "疟疾疾病调查问卷",
        "price": "该问卷为疟疾疾病相关调查",        
        "yesno": "是",        
        "yes_no": "是"        
    },
    {
        "id": 2,
        "name": "寄生虫疾病调查问卷",
        "price": "该问卷为寄生虫疾病相关调查",        
        "yesno": "是",
        "yes_no": "是"        
               
    },
    {
        "id": 3,
        "name": "A类疾病调查问卷",
        "price": "该问卷为A类疾病相关调查",        
        "yesno": "否",
        "yes_no": "是"        
                
    },
    {
        "id": 4,
        "name": "B类疾病调查问卷",
        "price": "该问卷为B类疾病相关调查",        
        "yesno": "否",
        "yes_no": "否"        
                
    },
    {
        "id": 5,
        "name": "C类疾病调查问卷",
        "price": "该问卷为C类疾病相关调查",        
        "yesno": "是",
        "yes_no": "是"        
                
    },
    {
        "id": 6,
        "name": "其他疾病调查问卷",
        "price": "该问卷为其他疾病相关调查",        
        "yesno": "是" ,
        "yes_no": "否"        
               
    }
    
    
    
]
